<?xml version="1.0" encoding="utf-8" standalone="yes"?>
<rss version="2.0" xmlns:atom="http://www.w3.org/2005/Atom" xmlns:content="http://purl.org/rss/1.0/modules/content/">
  <channel>
    <title>Posts on My Blog</title>
    <link>/posts/</link>
    <description>Recent content in Posts on My Blog</description>
    <generator>Hugo -- gohugo.io</generator>
    <language>en-us</language>
    <lastBuildDate>Mon, 01 Jan 2024 15:01:27 +1300</lastBuildDate><atom:link href="/posts/index.xml" rel="self" type="application/rss+xml" />
    <item>
      <title>Post 1</title>
      <link>/posts/post1/</link>
      <pubDate>Mon, 01 Jan 2024 15:01:27 +1300</pubDate>
      
      <guid>/posts/post1/</guid>
      <description>I made some brownies</description>
    </item>
    
    <item>
      <title>Post 2</title>
      <link>/posts/post2/</link>
      <pubDate>Mon, 01 Jan 2024 15:01:27 +1300</pubDate>
      
      <guid>/posts/post2/</guid>
      <description>And I ate them all</description>
    </item>
    
  </channel>
</rss>
