<?xml version="1.0" encoding="utf-8" standalone="yes"?>
<rss version="2.0" xmlns:atom="http://www.w3.org/2005/Atom" xmlns:content="http://purl.org/rss/1.0/modules/content/">
  <channel>
    <title>Categories on My Blog</title>
    <link>/categories/</link>
    <description>Recent content in Categories on My Blog</description>
    <generator>Hugo -- gohugo.io</generator>
    <language>en-us</language><atom:link href="/categories/index.xml" rel="self" type="application/rss+xml" />
  </channel>
</rss>
